Workbook
Name Slicer_RM: #N/A

Sheet DATA
A1: AM Code | B1: Name | C1: Position | D1: Region | E1: State | F1: SM CODE | G1: SM | H1: RM CODE | I1: RM | J1: Total Bonus | K1: 排名 ranking | L1: 是否合格 qualified or not | M1: 本周期新发合格Pos Qualified POS in This Month | N1: 押金合格pos Last Month rollover pos -caution deposit | O1: 合格POS qualified POS in This Month with rollover | P1: 合格率 qualification rate | Q1: 奖金 Bouns | R1: Qualified aggr this month | S1: qualified aggr last Month | T1: 本月净增 Increase | U1: Rank
A2: 110007 | B2: Mokwe Chizoba Ruth | C2: AM | D2: South East | E2: Abia | F2: 110001 | G2: Michael Ogechukwu Akwarandu | H2: 400000122 | I2: Fakayejo Lekan Michael | J2: 220400 | K2: 44 | L2: Y | M2: 75 | N2: 48 | O2: 123 | P2: 0.51 | Q2: 98400 | R2: 12 | S2: 4 | T2: 8 | U2: =_xlfn.RANK.EQ(R2,$R$2:$R$309,0) + COUNTIFS($R$2:$R$309,R2,$B$2:$B$309,"<"&B2) -> 86
A3: 110009 | B3: Nwoke Glory Ngozi | C3: AM | D3: South East | E3: Abia | F3: 110001 | G3: Michael Ogechukwu Akwarandu | H3: 400000122 | I3: Fakayejo Lekan Michael | J3: 256000 | K3: 33 | L3: Y | M3: 92 | N3: 29 | O3: 121 | P3: 0.61 | Q3: 121000 | R3: 17 | S3: 8 | T3: 9 | U3: =_xlfn.RANK.EQ(R3,$R$2:$R$309,0) + COUNTIFS($R$2:$R$309,R3,$B$2:$B$309,"<"&B3) -> 28
A4: 120011 | B4: Nkemakolam Odoemelam Friday | C4: AM | D4: North Central | E4: Nassarawa | F4: 92200201 | G4: IBRAHIM MOHAMMED | H4: 300310001 | I4: Jimoh Biliaminu | J4: 46400 | K4: 230 | L4: N | M4: 30 | N4: 7 | O4: 37 | P4: 0.72 | Q4: 44400 | R4: 2 | S4: 11 | T4: 0 | U4: =_xlfn.RANK.EQ(R4,$R$2:$R$309,0) + COUNTIFS($R$2:$R$309,R4,$B$2:$B$309,"<"&B4) -> 254
A5: 120016 | B5: AJAEGBU ELIZABETH | C5: AM | D5: North Central | E5: FCT | F5: 302320002 | G5: Derek Olanrewaju Alana | H5: 300310001 | I5: Jimoh Biliaminu | J5: 203000 | K5: 57 | L5: Y | M5: 68 | N5: 28 | O5: 96 | P5: 0.62 | Q5: 96000 | R5: 13 | S5: 10 | T5: 3 | U5: =_xlfn.RANK.EQ(R5,$R$2:$R$309,0) + COUNTIFS($R$2:$R$309,R5,$B$2:$B$309,"<"&B5) -> 64
A6: 120023 | B6: NICHOLAS DANIEL | C6: AM | D6: North Central | E6: Nassarawa | F6: 92200201 | G6: IBRAHIM MOHAMMED | H6: 300310001 | I6: Jimoh Biliaminu | J6: 229600 | K6: 40 | L6: Y | M6: 75 | N6: 22 | O6: 97 | P6: 0.54 | Q6: 77600 | R6: 14 | S6: 8 | T6: 6 | U6: =_xlfn.RANK.EQ(R6,$R$2:$R$309,0) + COUNTIFS($R$2:$R$309,R6,$B$2:$B$309,"<"&B6) -> 55
A7: 120029 | B7: obiorapaul | C7: AM | D7: North Central | E7: FCT | F7: 93200201 | G7: Ibekwe Stanley O | H7: 300310001 | I7: Jimoh Biliaminu | J7: 176000 | K7: 74 | L7: Y | M7: 40 | N7: 29 | O7: 69 | P7: 0.68 | Q7: 69000 | R7: 10 | S7: 7 | T7: 3 | U7: =_xlfn.RANK.EQ(R7,$R$2:$R$309,0) + COUNTIFS($R$2:$R$309,R7,$B$2:$B$309,"<"&B7) -> 122
A8: 120050 | B8: EMMANUEL IKLAGA | C8: AM | D8: North Central | E8: Niger | F8: 93000101 | G8: Daniel Joseph | H8: 300310001 | I8: Jimoh Biliaminu | J8: 125000 | K8: 133 | L8: Y | M8: 45 | N8: 35 | O8: 80 | P8: 0.66 | Q8: 80000 | R8: 10 | S8: 7 | T8: 3 | U8: =_xlfn.RANK.EQ(R8,$R$2:$R$309,0) + COUNTIFS($R$2:$R$309,R8,$B$2:$B$309,"<"&B8) -> 116
A9: 120052 | B9: LUKMAN MUSA | C9: AM | D9: North Central | E9: FCT | F9: 93200201 | G9: Ibekwe Stanley O | H9: 300310001 | I9: Jimoh Biliaminu | J9: 62000 | K9: 215 | L9: N | M9: 47 | N9: 21 | O9: 68 | P9: 0.32 | Q9: 0 | R9: 6 | S9: 2 | T9: 4 | U9: =_xlfn.RANK.EQ(R9,$R$2:$R$309,0) + COUNTIFS($R$2:$R$309,R9,$B$2:$B$309,"<"&B9) -> 198
A10: 150002 | B10: omoregieanthony | C10: AM | D10: South South | E10: Delta | F10: 210023 | G10: davidsonaken | H10: 210001 | I10: omololasilva | J10: 75200 | K10: 200 | L10: N | M10: 20 | N10: 27 | O10: 47 | P10: 0.42 | Q10: 28200 | R10: 5 | S10: 2 | T10: 3 | U10: =_xlfn.RANK.EQ(R10,$R$2:$R$309,0) + COUNTIFS($R$2:$R$309,R10,$B$2:$B$309,"<"&B10) -> 218
A11: 180003 | B11: Ogunfowora Shalewa Monsurat | C11: AM | D11: Lagos | E11: Lagos-E | F11: 91000115 | G11: Yusuff Wasiu Ayoade | H11: 410000010 | I11: MICHAEL EGUMA | J11: 152600 | K11: 94 | L11: Y | M11: 93 | N11: 5 | O11: 98 | P11: 0.94 | Q11: 117600 | R11: 17 | S11: 16 | T11: 1 | U11: =_xlfn.RANK.EQ(R11,$R$2:$R$309,0) + COUNTIFS($R$2:$R$309,R11,$B$2:$B$309,"<"&B11) -> 30
A12: 180004 | B12: Showunmi Olasumbo Daramola | C12: AM | D12: Lagos | E12: Lagos-E | F12: 91000115 | G12: Yusuff Wasiu Ayoade | H12: 410000010 | I12: MICHAEL EGUMA | J12: 378400 | K12: 11 | L12: Y | M12: 70 | N12: 12 | O12: 82 | P12: 0.86 | Q12: 98400 | R12: 14 | S12: 6 | T12: 8 | U12: =_xlfn.RANK.EQ(R12,$R$2:$R$309,0) + COUNTIFS($R$2:$R$309,R12,$B$2:$B$309,"<"&B12) -> 61
A13: 180011 | B13: Ibrahim Omeiza Ismail | C13: AM | D13: Lagos | E13: Lagos-5 | F13: 350032 | G13: Okoi Lucky Sunday | H13: 410000010 | I13: MICHAEL EGUMA | J13: 114000 | K13: 147 | L13: Y | M13: 38 | N13: 14 | O13: 52 | P13: 0.65 | Q13: 52000 | R13: 6 | S13: 2 | T13: 4 | U13: =_xlfn.RANK.EQ(R13,$R$2:$R$309,0) + COUNTIFS($R$2:$R$309,R13,$B$2:$B$309,"<"&B13) -> 195
... A309: 96200209 | B309: Oke Olubunmi Francis | C309: AM | D309: West | E309: Osun | F309: 9620000210 | G309: Arasi Quadry Abiodun | H309: 300910002 | I309: BISIRIYU YUSUF ADENIYI | J309: 310800 | K309: 17 | L309: Y | M309: 166 | N309: 18 | O309: 184 | P309: 0.84 | Q309: 220800 | R309: 17 | S309: 11 | T309: 6 | U309: =_xlfn.RANK.EQ(R309,$R$2:$R$309,0) + COUNTIFS($R$2:$R$309,R309,$B$2:$B$309,"<"&B309) -> 31

Sheet report
A1: Sum of Qualified aggr this month | C1: Sum of qualified aggr last Month | E1: Count of AM Code
A2: 111 | C2: 52 | E2: 23
A5: Name | B5: Region | C5: Sum of Qualified aggr this month | D5: Sum of qualified aggr last Month | E5: Sum of 本月净增 Increase | F5: Sum of Rank | H5: AM NAME | I5: Region | J5: Qualified CDL this Month | K5: Qualified CDL last Month | L5: Increase
A6: Olaleye Majeed Kayode | B6: North East | C6: 10 | D6: 8 | E6: 2 | F6: 124 | H6: =A6 -> Olaleye Majeed Kayode | I6: =B6 -> North East | J6: =C6 -> 10 | K6: =D6 -> 8 | L6: =E6 -> 2
A7: Adamu Saidu | B7: North East | C7: 9 | D7: 4 | E7: 5 | F7: 132 | H7: =A7 -> Adamu Saidu | I7: =B7 -> North East | J7: =C7 -> 9 | K7: =D7 -> 4 | L7: =E7 -> 5
A8: Echefu Chibueze Chris | B8: North East | C8: 9 | D8: 7 | E8: 2 | F8: 139 | H8: =A8 -> Echefu Chibueze Chris | I8: =B8 -> North East | J8: =C8 -> 9 | K8: =D8 -> 7 | L8: =E8 -> 2
A9: JOSHUA VINA | B9: North East | C9: 9 | D9: 2 | E9: 7 | F9: 143 | H9: =A9 -> JOSHUA VINA | I9: =B9 -> North East | J9: =C9 -> 9 | K9: =D9 -> 2 | L9: =E9 -> 7
A10: Amina Gazali | B10: North East | C10: 8 | D10: 6 | E10: 2 | F10: 155 | H10: =A10 -> Amina Gazali | I10: =B10 -> North East | J10: =C10 -> 8 | K10: =D10 -> 6 | L10: =E10 -> 2
A11: Simon Clement Achu | B11: North East | C11: 7 | D11: 3 | E11: 4 | F11: 182 | H11: =A11 -> Simon Clement Achu | I11: =B11 -> North East | J11: =C11 -> 7 | K11: =D11 -> 3 | L11: =E11 -> 4
A12: Adeyele Kemi Bola | B12: North East | C12: 6 | D12: 2 | E12: 4 | F12: 186 | H12: =A12 -> Adeyele Kemi Bola | I12: =B12 -> North East | J12: =C12 -> 6 | K12: =D12 -> 2 | L12: =E12 -> 4
A13: DAFFA NANRE VONGJEN | B13: North East | C13: 6 | D13: 3 | E13: 3 | F13: 191 | H13: =A13 -> DAFFA NANRE VONGJEN | I13: =B13 -> North East | J13: =C13 -> 6 | K13: =D13 -> 3 | L13: =E13 -> 3
A14: Ishaku Simon | B14: North East | C14: 6 | D14: 1 | E14: 5 | F14: 196 | H14: =A14 -> Ishaku Simon | I14: =B14 -> North East | J14: =C14 -> 6 | K14: =D14 -> 1 | L14: =E14 -> 5
A15: Mukhtar Adamu | B15: North East | C15: 6 | D15: 0 | E15: 6 | F15: 200 | H15: =A15 -> Mukhtar Adamu | I15: =B15 -> North East | J15: =C15 -> 6 | K15: =D15 -> 0 | L15: =E15 -> 6
A16: Abubakar Usman Yahaya | B16: North East | C16: 5 | D16: 2 | E16: 3 | F16: 207 | H16: =A16 -> Abubakar Usman Yahaya | I16: =B16 -> North East | J16: =C16 -> 5 | K16: =D16 -> 2 | L16: =E16 -> 3
A17: Lukman Iliyasu | B17: North East | C17: 5 | D17: 3 | E17: 2 | F17: 213 | H17: =A17 -> Lukman Iliyasu | I17: =B17 -> North East | J17: =C17 -> 5 | K17: =D17 -> 3 | L17: =E17 -> 2
... A25: Abdullahi Adamu | B25: North East | C25: 1 | D25: 0 | E25: 1 | F25: 262 | H25: =A25 -> Abdullahi Adamu | I25: =B25 -> North East | J25: =C25 -> 1 | K25: =D25 -> 0 | L25: =E25 -> 1
A26: Grand Total | C26: 109 | D26: 49 | E26: 61 | F26: 3994 | H26: =A26 -> Grand Total | I26: =B26 -> 0 | J26: =C26 -> 109 | K26: =D26 -> 49 | L26: =E26 -> 61
A124: Name | B124: Region | C124: Sum of Qualified aggr this month | D124: Sum of qualified aggr last Month | E124: Sum of 本月净增 Increase | F124: Sum of Rank
A125: JOSHUA VINA | B125: North East | C125: 9 | D125: 2 | E125: 7 | F125: 143 | H125: =A125 -> JOSHUA VINA | I125: =B125 -> North East | J125: =C125 -> 9 | K125: =D125 -> 2 | L125: =E125 -> 7
A126: Amina Gazali | B126: North East | C126: 8 | D126: 6 | E126: 2 | F126: 155 | H126: =A126 -> Amina Gazali | I126: =B126 -> North East | J126: =C126 -> 8 | K126: =D126 -> 6 | L126: =E126 -> 2
A127: Simon Clement Achu | B127: North East | C127: 7 | D127: 3 | E127: 4 | F127: 182 | H127: =A127 -> Simon Clement Achu | I127: =B127 -> North East | J127: =C127 -> 7 | K127: =D127 -> 3 | L127: =E127 -> 4
A128: Adeyele Kemi Bola | B128: North East | C128: 6 | D128: 2 | E128: 4 | F128: 186 | H128: =A128 -> Adeyele Kemi Bola | I128: =B128 -> North East | J128: =C128 -> 6 | K128: =D128 -> 2 | L128: =E128 -> 4
A129: DAFFA NANRE VONGJEN | B129: North East | C129: 6 | D129: 3 | E129: 3 | F129: 191 | H129: =A129 -> DAFFA NANRE VONGJEN | I129: =B129 -> North East | J129: =C129 -> 6 | K129: =D129 -> 3 | L129: =E129 -> 3
A130: Ishaku Simon | B130: North East | C130: 6 | D130: 1 | E130: 5 | F130: 196 | H130: =A130 -> Ishaku Simon | I130: =B130 -> North East | J130: =C130 -> 6 | K130: =D130 -> 1 | L130: =E130 -> 5
A131: Mukhtar Adamu | B131: North East | C131: 6 | D131: 0 | E131: 6 | F131: 200 | H131: =A131 -> Mukhtar Adamu | I131: =B131 -> North East | J131: =C131 -> 6 | K131: =D131 -> 0 | L131: =E131 -> 6
A132: Abubakar Usman Yahaya | B132: North East | C132: 5 | D132: 2 | E132: 3 | F132: 207 | H132: =A132 -> Abubakar Usman Yahaya | I132: =B132 -> North East | J132: =C132 -> 5 | K132: =D132 -> 2 | L132: =E132 -> 3
A133: Lukman Iliyasu | B133: North East | C133: 5 | D133: 3 | E133: 2 | F133: 213 | H133: =A133 -> Lukman Iliyasu | I133: =B133 -> North East | J133: =C133 -> 5 | K133: =D133 -> 3 | L133: =E133 -> 2
A134: Bulus Musa | B134: North East | C134: 4 | D134: 0 | E134: 4 | F134: 224 | H134: =A134 -> Bulus Musa | I134: =B134 -> North East | J134: =C134 -> 4 | K134: =D134 -> 0 | L134: =E134 -> 4
A135: ISAAC JOSEPH PUKUMA | B135: North East | C135: 4 | D135: 2 | E135: 2 | F135: 227 | H135: =A135 -> ISAAC JOSEPH PUKUMA | I135: =B135 -> North East | J135: =C135 -> 4 | K135: =D135 -> 2 | L135: =E135 -> 2
A136: Rimamtanung Haruna Urum | B136: North East | C136: 4 | D136: 1 | E136: 3 | F136: 231 | H136: =A136 -> Rimamtanung Haruna Urum | I136: =B136 -> North East | J136: =C136 -> 4 | K136: =D136 -> 1 | L136: =E136 -> 3
... A144: KABIR MUHAMMAD IBRAHIM | B144: North East | C144: 0 | D144: 0 | E144: 0 | F144: 293 | H144: =A144 -> KABIR MUHAMMAD IBRAHIM | I144: =B144 -> North East | J144: =C144 -> 0 | K144: =D144 -> 0 | L144: =E144 -> 0
A145: Grand Total | C145: 83 | D145: 33 | E145: 52 | F145: 4425 | H145: =A145 -> Grand Total | I145: =B145 -> 0 | J145: =C145 -> 83 | K145: =D145 -> 33 | L145: =E145 -> 52

Sheet DASHBOARD
C9: AM NAME | D9: Region | E9: Qualified CDL this Month | F9: Qualified CDL last Month | G9: Increase | I9: AM NAME | J9: Region | K9: Qualified CDL this Month | L9: Qualified CDL last Month | M9: Increase
C10: =report!H6 -> Olaleye Majeed Kayode | D10: =report!I6 -> North East | E10: =report!J6 -> 10 | F10: =report!K6 -> 8 | G10: =report!L6 -> 2 | I10: =report!H125 -> JOSHUA VINA | J10: =report!I125 -> North East | K10: =report!J125 -> 9 | L10: =report!K125 -> 2 | M10: =report!L125 -> 7
C11: =report!H7 -> Adamu Saidu | D11: =report!I7 -> North East | E11: =report!J7 -> 9 | F11: =report!K7 -> 4 | G11: =report!L7 -> 5 | I11: =report!H126 -> Amina Gazali | J11: =report!I126 -> North East | K11: =report!J126 -> 8 | L11: =report!K126 -> 6 | M11: =report!L126 -> 2
C12: =report!H8 -> Echefu Chibueze Chris | D12: =report!I8 -> North East | E12: =report!J8 -> 9 | F12: =report!K8 -> 7 | G12: =report!L8 -> 2 | I12: =report!H127 -> Simon Clement Achu | J12: =report!I127 -> North East | K12: =report!J127 -> 7 | L12: =report!K127 -> 3 | M12: =report!L127 -> 4
C13: =report!H9 -> JOSHUA VINA | D13: =report!I9 -> North East | E13: =report!J9 -> 9 | F13: =report!K9 -> 2 | G13: =report!L9 -> 7 | I13: =report!H128 -> Adeyele Kemi Bola | J13: =report!I128 -> North East | K13: =report!J128 -> 6 | L13: =report!K128 -> 2 | M13: =report!L128 -> 4
C14: =report!H10 -> Amina Gazali | D14: =report!I10 -> North East | E14: =report!J10 -> 8 | F14: =report!K10 -> 6 | G14: =report!L10 -> 2 | I14: =report!H129 -> DAFFA NANRE VONGJEN | J14: =report!I129 -> North East | K14: =report!J129 -> 6 | L14: =report!K129 -> 3 | M14: =report!L129 -> 3
C15: =report!H11 -> Simon Clement Achu | D15: =report!I11 -> North East | E15: =report!J11 -> 7 | F15: =report!K11 -> 3 | G15: =report!L11 -> 4 | I15: =report!H130 -> Ishaku Simon | J15: =report!I130 -> North East | K15: =report!J130 -> 6 | L15: =report!K130 -> 1 | M15: =report!L130 -> 5
C16: =report!H12 -> Adeyele Kemi Bola | D16: =report!I12 -> North East | E16: =report!J12 -> 6 | F16: =report!K12 -> 2 | G16: =report!L12 -> 4 | I16: =report!H131 -> Mukhtar Adamu | J16: =report!I131 -> North East | K16: =report!J131 -> 6 | L16: =report!K131 -> 0 | M16: =report!L131 -> 6
C17: =report!H13 -> DAFFA NANRE VONGJEN | D17: =report!I13 -> North East | E17: =report!J13 -> 6 | F17: =report!K13 -> 3 | G17: =report!L13 -> 3 | I17: =report!H132 -> Abubakar Usman Yahaya | J17: =report!I132 -> North East | K17: =report!J132 -> 5 | L17: =report!K132 -> 2 | M17: =report!L132 -> 3
C18: =report!H14 -> Ishaku Simon | D18: =report!I14 -> North East | E18: =report!J14 -> 6 | F18: =report!K14 -> 1 | G18: =report!L14 -> 5 | I18: =report!H133 -> Lukman Iliyasu | J18: =report!I133 -> North East | K18: =report!J133 -> 5 | L18: =report!K133 -> 3 | M18: =report!L133 -> 2
C19: =report!H15 -> Mukhtar Adamu | D19: =report!I15 -> North East | E19: =report!J15 -> 6 | F19: =report!K15 -> 0 | G19: =report!L15 -> 6 | I19: =report!H134 -> Bulus Musa | J19: =report!I134 -> North East | K19: =report!J134 -> 4 | L19: =report!K134 -> 0 | M19: =report!L134 -> 4
C20: =report!H16 -> Abubakar Usman Yahaya | D20: =report!I16 -> North East | E20: =report!J16 -> 5 | F20: =report!K16 -> 2 | G20: =report!L16 -> 3 | I20: =report!H135 -> ISAAC JOSEPH PUKUMA | J20: =report!I135 -> North East | K20: =report!J135 -> 4 | L20: =report!K135 -> 2 | M20: =report!L135 -> 2
C21: =report!H17 -> Lukman Iliyasu | D21: =report!I17 -> North East | E21: =report!J17 -> 5 | F21: =report!K17 -> 3 | G21: =report!L17 -> 2 | I21: =report!H136 -> Rimamtanung Haruna Urum | J21: =report!I136 -> North East | K21: =report!J136 -> 4 | L21: =report!K136 -> 1 | M21: =report!L136 -> 3
... C30: =report!H26 -> Grand Total | D30: =report!I26 -> 0 | E30: =report!J26 -> 109 | F30: =report!K26 -> 49 | G30: =report!L26 -> 61 | I30: =report!H145 -> Grand Total | J30: =report!I145 -> 0 | K30: =report!J145 -> 83 | L30: =report!K145 -> 33 | M30: =report!L145 -> 52
